,,,time(s),Vout,Vin
Record Length,2.50E+03,,-0.0137,-0.12,-0.4
Sample Interval,1.00E-05,,-0.01369,-0.12,-0.24
Trigger Point,1.37E+03,,-0.01368,-0.12,-0.08
,,,-0.01367,-0.16,0
,,,-0.01366,-0.12,0.12
,,,-0.01365,-0.12,0.28
Source,CH2,,-0.01364,-0.12,0.44
Vertical Units,V,,-0.01363,-0.12,0.56
Vertical Scale,1.00E+00,,-0.01362,-0.08,0.68
Vertical Offset,-9.60E-01,,-0.01361,-0.08,0.76
Horizontal Units,s,,-0.0136,-0.08,0.88
Horizontal Scale,2.50E-03,,-0.01359,-0.04,0.96
Pt Fmt,Y,,-0.01358,0,1.04
Yzero,0.00E+00,,-0.01357,0.04,1.08
Probe Atten,1.00E+01,,-0.01356,0.04,1.12
Model Number,TBS1072B-EDU,,-0.01355,0.08,1.16
Serial Number,C032671,,-0.01354,0.08,1.16
Firmware Version,FV:v4.06,,-0.01353,0.12,1.12
,,,-0.01352,0.12,1.08
,,,-0.01351,0.16,1.08
,,,-0.0135,0.16,1
,,,-0.01349,0.2,0.96
,,,-0.01348,0.2,0.84
,,,-0.01347,0.2,0.72
,,,-0.01346,0.2,0.6
,,,-0.01345,0.24,0.52
,,,-0.01344,0.24,0.36
,,,-0.01343,0.24,0.24
,,,-0.01342,0.28,0.12
,,,-0.01341,0.24,-0.04
,,,-0.0134,0.28,-0.16
,,,-0.01339,0.2,-0.28
,,,-0.01338,0.2,-0.44
,,,-0.01337,0.2,-0.52
,,,-0.01336,0.16,-0.64
,,,-0.01335,0.12,-0.72
,,,-0.01334,0.12,-0.8
,,,-0.01333,0.12,-0.88
,,,-0.01332,0.08,-0.92
,,,-0.01331,0.08,-0.96
,,,-0.0133,0,-1
,,,-0.01329,0.04,-1
,,,-0.01328,0,-0.96
,,,-0.01327,0,-0.92
,,,-0.01326,-0.08,-0.88
,,,-0.01325,-0.08,-0.84
,,,-0.01324,-0.08,-0.72
,,,-0.01323,-0.08,-0.64
,,,-0.01322,-0.12,-0.52
,,,-0.01321,-0.12,-0.44
,,,-0.0132,-0.16,-0.28
,,,-0.01319,-0.12,-0.16
,,,-0.01318,-0.12,-0.04
,,,-0.01317,-0.16,0.12
,,,-0.01316,-0.12,0.24
,,,-0.01315,-0.12,0.36
,,,-0.01314,-0.12,0.52
,,,-0.01313,-0.08,0.64
,,,-0.01312,-0.04,0.76
,,,-0.01311,-0.04,0.88
,,,-0.0131,0,1
,,,-0.01309,0,1.04
,,,-0.01308,0.04,1.12
,,,-0.01307,0.04,1.2
,,,-0.01306,0.08,1.24
,,,-0.01305,0.08,1.28
,,,-0.01304,0.12,1.28
,,,-0.01303,0.16,1.24
,,,-0.01302,0.16,1.24
,,,-0.01301,0.2,1.2
,,,-0.013,0.24,1.12
,,,-0.01299,0.24,1.08
,,,-0.01298,0.24,0.96
,,,-0.01297,0.24,0.88
,,,-0.01296,0.28,0.76
,,,-0.01295,0.32,0.64
,,,-0.01294,0.32,0.52
,,,-0.01293,0.28,0.36
,,,-0.01292,0.32,0.28
,,,-0.01291,0.32,0.12
,,,-0.0129,0.32,-0.04
,,,-0.01289,0.28,-0.12
,,,-0.01288,0.28,-0.28
,,,-0.01287,0.24,-0.36
,,,-0.01286,0.24,-0.48
,,,-0.01285,0.24,-0.56
,,,-0.01284,0.2,-0.68
,,,-0.01283,0.2,-0.72
,,,-0.01282,0.16,-0.76
,,,-0.01281,0.16,-0.8
,,,-0.0128,0.12,-0.84
,,,-0.01279,0.08,-0.84
,,,-0.01278,0.08,-0.8
,,,-0.01277,0.04,-0.76
,,,-0.01276,0.04,-0.72
,,,-0.01275,0,-0.68
,,,-0.01274,0,-0.56
,,,-0.01273,0,-0.48
,,,-0.01272,-0.04,-0.36
,,,-0.01271,0,-0.24
,,,-0.0127,-0.04,-0.12
,,,-0.01269,0,0
,,,-0.01268,0,0.16
,,,-0.01267,0,0.28
,,,-0.01266,0,0.44
,,,-0.01265,0,0.6
,,,-0.01264,0.04,0.72
,,,-0.01263,0.04,0.84
,,,-0.01262,0.04,0.96
,,,-0.01261,0.08,1.08
,,,-0.0126,0.12,1.2
,,,-0.01259,0.12,1.28
,,,-0.01258,0.16,1.36
,,,-0.01257,0.2,1.4
,,,-0.01256,0.2,1.44
,,,-0.01255,0.2,1.48
,,,-0.01254,0.28,1.48
,,,-0.01253,0.32,1.48
,,,-0.01252,0.32,1.44
,,,-0.01251,0.36,1.4
,,,-0.0125,0.36,1.32
,,,-0.01249,0.36,1.24
,,,-0.01248,0.36,1.16
,,,-0.01247,0.4,1.08
,,,-0.01246,0.44,1
,,,-0.01245,0.44,0.84
,,,-0.01244,0.44,0.72
,,,-0.01243,0.44,0.6
,,,-0.01242,0.44,0.48
,,,-0.01241,0.44,0.32
,,,-0.0124,0.44,0.24
,,,-0.01239,0.44,0.08
,,,-0.01238,0.4,-0.04
,,,-0.01237,0.4,-0.16
,,,-0.01236,0.4,-0.24
,,,-0.01235,0.4,-0.36
,,,-0.01234,0.36,-0.44
,,,-0.01233,0.36,-0.48
,,,-0.01232,0.36,-0.52
,,,-0.01231,0.32,-0.56
,,,-0.0123,0.28,-0.6
,,,-0.01229,0.24,-0.56
,,,-0.01228,0.24,-0.56
,,,-0.01227,0.24,-0.52
,,,-0.01226,0.2,-0.48
,,,-0.01225,0.2,-0.4
,,,-0.01224,0.2,-0.32
,,,-0.01223,0.16,-0.24
,,,-0.01222,0.2,-0.12
,,,-0.01221,0.16,0
,,,-0.0122,0.16,0.12
,,,-0.01219,0.16,0.28
,,,-0.01218,0.2,0.4
,,,-0.01217,0.2,0.56
,,,-0.01216,0.2,0.68
,,,-0.01215,0.16,0.8
,,,-0.01214,0.2,1
,,,-0.01213,0.24,1.08
,,,-0.01212,0.24,1.24
,,,-0.01211,0.24,1.32
,,,-0.0121,0.32,1.44
,,,-0.01209,0.32,1.56
,,,-0.01208,0.36,1.6
,,,-0.01207,0.36,1.68
,,,-0.01206,0.4,1.72
,,,-0.01205,0.4,1.76
,,,-0.01204,0.48,1.76
,,,-0.01203,0.48,1.72
,,,-0.01202,0.52,1.72
,,,-0.01201,0.52,1.68
,,,-0.012,0.56,1.6
,,,-0.01199,0.6,1.56
,,,-0.01198,0.6,1.48
,,,-0.01197,0.64,1.36
,,,-0.01196,0.64,1.28
,,,-0.01195,0.64,1.12
,,,-0.01194,0.68,1.04
,,,-0.01193,0.68,0.88
,,,-0.01192,0.68,0.76
,,,-0.01191,0.68,0.64
,,,-0.0119,0.68,0.52
,,,-0.01189,0.68,0.36
,,,-0.01188,0.68,0.24
,,,-0.01187,0.68,0.16
,,,-0.01186,0.64,0.04
,,,-0.01185,0.6,-0.08
,,,-0.01184,0.6,-0.12
,,,-0.01183,0.56,-0.16
,,,-0.01182,0.56,-0.24
,,,-0.01181,0.52,-0.24
,,,-0.0118,0.52,-0.28
,,,-0.01179,0.52,-0.28
,,,-0.01178,0.48,-0.24
,,,-0.01177,0.48,-0.24
,,,-0.01176,0.48,-0.16
,,,-0.01175,0.44,-0.08
,,,-0.01174,0.44,-0.04
,,,-0.01173,0.4,0.12
,,,-0.01172,0.4,0.2
,,,-0.01171,0.4,0.28
,,,-0.0117,0.44,0.44
,,,-0.01169,0.4,0.56
,,,-0.01168,0.4,0.72
,,,-0.01167,0.44,0.88
,,,-0.01166,0.44,1.04
,,,-0.01165,0.44,1.16
,,,-0.01164,0.48,1.28
,,,-0.01163,0.48,1.4
,,,-0.01162,0.52,1.56
,,,-0.01161,0.56,1.64
,,,-0.0116,0.56,1.76
,,,-0.01159,0.6,1.84
,,,-0.01158,0.6,1.92
,,,-0.01157,0.64,2
,,,-0.01156,0.72,2
,,,-0.01155,0.72,2.04
,,,-0.01154,0.72,2.04
,,,-0.01153,0.76,2.08
,,,-0.01152,0.8,2.04
,,,-0.01151,0.8,2
,,,-0.0115,0.84,1.92
,,,-0.01149,0.84,1.88
,,,-0.01148,0.88,1.76
,,,-0.01147,0.88,1.68
,,,-0.01146,0.92,1.6
,,,-0.01145,0.92,1.48
,,,-0.01144,0.92,1.32
,,,-0.01143,0.96,1.2
,,,-0.01142,0.96,1.08
,,,-0.01141,0.96,0.96
,,,-0.0114,0.92,0.8
,,,-0.01139,0.92,0.68
,,,-0.01138,0.92,0.56
,,,-0.01137,0.92,0.48
,,,-0.01136,0.88,0.36
,,,-0.01135,0.92,0.28
,,,-0.01134,0.88,0.2
,,,-0.01133,0.84,0.12
,,,-0.01132,0.84,0.08
,,,-0.01131,0.8,0.04
,,,-0.0113,0.8,0
,,,-0.01129,0.8,0.04
,,,-0.01128,0.76,0.08
,,,-0.01127,0.76,0.12
,,,-0.01126,0.72,0.16
,,,-0.01125,0.72,0.24
,,,-0.01124,0.72,0.28
,,,-0.01123,0.72,0.4
,,,-0.01122,0.72,0.52
,,,-0.01121,0.72,0.6
,,,-0.0112,0.72,0.76
,,,-0.01119,0.72,0.88
,,,-0.01118,0.72,1.04
,,,-0.01117,0.72,1.16
,,,-0.01116,0.72,1.32
,,,-0.01115,0.76,1.44
,,,-0.01114,0.76,1.6
,,,-0.01113,0.76,1.72
,,,-0.01112,0.8,1.84
,,,-0.01111,0.84,1.96
,,,-0.0111,0.88,2.08
,,,-0.01109,0.88,2.16
,,,-0.01108,0.92,2.24
,,,-0.01107,0.92,2.28
,,,-0.01106,1,2.36
,,,-0.01105,1,2.36
,,,-0.01104,1,2.36
,,,-0.01103,1.08,2.32
,,,-0.01102,1.08,2.32
,,,-0.01101,1.12,2.28
,,,-0.011,1.12,2.24
,,,-0.01099,1.16,2.16
,,,-0.01098,1.16,2.08
,,,-0.01097,1.2,2
,,,-0.01096,1.2,1.88
,,,-0.01095,1.24,1.76
,,,-0.01094,1.24,1.64
,,,-0.01093,1.24,1.52
,,,-0.01092,1.24,1.4
,,,-0.01091,1.24,1.24
,,,-0.0109,1.2,1.12
,,,-0.01089,1.24,1
,,,-0.01088,1.2,0.88
,,,-0.01087,1.24,0.8
,,,-0.01086,1.2,0.68
,,,-0.01085,1.2,0.6
,,,-0.01084,1.16,0.48
,,,-0.01083,1.16,0.44
,,,-0.01082,1.16,0.4
,,,-0.01081,1.12,0.36
,,,-0.0108,1.12,0.32
,,,-0.01079,1.12,0.36
,,,-0.01078,1.08,0.36
,,,-0.01077,1.08,0.4
,,,-0.01076,1.08,0.44
,,,-0.01075,1.04,0.52
,,,-0.01074,1.04,0.6
,,,-0.01073,1,0.68
,,,-0.01072,1,0.8
,,,-0.01071,1,0.92
,,,-0.0107,1,1.08
,,,-0.01069,1,1.2
,,,-0.01068,1.04,1.36
,,,-0.01067,1.04,1.48
,,,-0.01066,1.04,1.6
,,,-0.01065,1.04,1.76
,,,-0.01064,1.04,1.88
,,,-0.01063,1.12,2.04
,,,-0.01062,1.12,2.16
,,,-0.01061,1.12,2.28
,,,-0.0106,1.12,2.36
,,,-0.01059,1.2,2.48
,,,-0.01058,1.2,2.52
,,,-0.01057,1.24,2.6
,,,-0.01056,1.24,2.64
,,,-0.01055,1.32,2.68
,,,-0.01054,1.36,2.68
,,,-0.01053,1.36,2.68
,,,-0.01052,1.4,2.64
,,,-0.01051,1.4,2.6
,,,-0.0105,1.44,2.52
,,,-0.01049,1.48,2.44
,,,-0.01048,1.48,2.4
,,,-0.01047,1.52,2.28
,,,-0.01046,1.52,2.16
,,,-0.01045,1.52,2.04
,,,-0.01044,1.52,1.92
,,,-0.01043,1.56,1.8
,,,-0.01042,1.52,1.68
,,,-0.01041,1.52,1.56
,,,-0.0104,1.56,1.4
,,,-0.01039,1.56,1.28
,,,-0.01038,1.56,1.16
,,,-0.01037,1.52,1.04
,,,-0.01036,1.48,1
,,,-0.01035,1.48,0.84
,,,-0.01034,1.48,0.8
,,,-0.01033,1.44,0.72
,,,-0.01032,1.44,0.68
,,,-0.01031,1.4,0.6
,,,-0.0103,1.4,0.6
,,,-0.01029,1.4,0.64
,,,-0.01028,1.36,0.64
,,,-0.01027,1.36,0.68
,,,-0.01026,1.32,0.72
,,,-0.01025,1.32,0.8
,,,-0.01024,1.32,0.88
,,,-0.01023,1.28,0.96
,,,-0.01022,1.32,1.08
,,,-0.01021,1.28,1.2
,,,-0.0102,1.28,1.32
,,,-0.01019,1.28,1.48
,,,-0.01018,1.28,1.6
,,,-0.01017,1.24,1.76
,,,-0.01016,1.28,1.88
,,,-0.01015,1.32,2.04
,,,-0.01014,1.36,2.16
,,,-0.01013,1.36,2.28
,,,-0.01012,1.4,2.4
,,,-0.01011,1.4,2.52
,,,-0.0101,1.44,2.64
,,,-0.01009,1.48,2.72
,,,-0.01008,1.48,2.76
,,,-0.01007,1.52,2.8
,,,-0.01006,1.56,2.88
,,,-0.01005,1.56,2.88
,,,-0.01004,1.6,2.92
,,,-0.01003,1.64,2.88
,,,-0.01002,1.68,2.88
,,,-0.01001,1.68,2.8
,,,-0.01,1.72,2.76
,,,-0.00999,1.72,2.68
,,,-0.00998,1.72,2.6
,,,-0.00997,1.72,2.48
,,,-0.00996,1.8,2.4
,,,-0.00995,1.8,2.28
,,,-0.00994,1.8,2.16
,,,-0.00993,1.84,2.04
,,,-0.00992,1.8,1.88
,,,-0.00991,1.8,1.76
,,,-0.0099,1.8,1.64
,,,-0.00989,1.8,1.48
,,,-0.00988,1.76,1.36
,,,-0.00987,1.8,1.28
,,,-0.00986,1.76,1.16
,,,-0.00985,1.76,1.08
,,,-0.00984,1.76,1
,,,-0.00983,1.72,0.92
,,,-0.00982,1.72,0.84
,,,-0.00981,1.68,0.84
,,,-0.0098,1.68,0.8
,,,-0.00979,1.64,0.8
,,,-0.00978,1.6,0.84
,,,-0.00977,1.56,0.88
,,,-0.00976,1.6,0.92
,,,-0.00975,1.56,1
,,,-0.00974,1.56,1.08
,,,-0.00973,1.56,1.16
,,,-0.00972,1.52,1.24
,,,-0.00971,1.52,1.4
,,,-0.0097,1.52,1.52
,,,-0.00969,1.52,1.64
,,,-0.00968,1.56,1.8
,,,-0.00967,1.56,1.92
,,,-0.00966,1.56,2.08
,,,-0.00965,1.56,2.2
,,,-0.00964,1.56,2.36
,,,-0.00963,1.56,2.48
,,,-0.00962,1.6,2.6
,,,-0.00961,1.64,2.68
,,,-0.0096,1.64,2.76
,,,-0.00959,1.68,2.88
,,,-0.00958,1.72,2.96
,,,-0.00957,1.76,3
,,,-0.00956,1.76,3.04
,,,-0.00955,1.8,3.04
,,,-0.00954,1.84,3.08
,,,-0.00953,1.84,3.08
,,,-0.00952,1.88,3.04
,,,-0.00951,1.92,2.96
,,,-0.0095,1.92,2.92
,,,-0.00949,1.96,2.84
,,,-0.00948,1.96,2.76
,,,-0.00947,1.96,2.68
,,,-0.00946,1.96,2.56
,,,-0.00945,2,2.44
,,,-0.00944,2,2.28
,,,-0.00943,2,2.2
,,,-0.00942,2,2.04
,,,-0.00941,2.04,1.88
,,,-0.0094,2,1.76
,,,-0.00939,2,1.64
,,,-0.00938,2,1.52
,,,-0.00937,2,1.4
,,,-0.00936,1.96,1.28
,,,-0.00935,1.92,1.2
,,,-0.00934,1.92,1.12
,,,-0.00933,1.92,1.04
,,,-0.00932,1.88,1
,,,-0.00931,1.88,1
,,,-0.0093,1.84,0.96
,,,-0.00929,1.84,0.96
,,,-0.00928,1.8,0.96
,,,-0.00927,1.8,1
,,,-0.00926,1.76,1.04
,,,-0.00925,1.76,1.12
,,,-0.00924,1.76,1.2
,,,-0.00923,1.72,1.28
,,,-0.00922,1.72,1.4
,,,-0.00921,1.72,1.48
,,,-0.0092,1.68,1.6
,,,-0.00919,1.68,1.76
,,,-0.00918,1.72,1.88
,,,-0.00917,1.72,2.04
,,,-0.00916,1.72,2.16
,,,-0.00915,1.72,2.28
,,,-0.00914,1.76,2.44
,,,-0.00913,1.76,2.52
,,,-0.00912,1.76,2.68
,,,-0.00911,1.8,2.8
,,,-0.0091,1.8,2.88
,,,-0.00909,1.84,2.96
,,,-0.00908,1.84,3.04
,,,-0.00907,1.88,3.08
,,,-0.00906,1.92,3.12
,,,-0.00905,1.96,3.16
,,,-0.00904,2,3.16
,,,-0.00903,2,3.12
,,,-0.00902,2.04,3.12
,,,-0.00901,2.04,3.08
,,,-0.009,2.04,3
,,,-0.00899,2.08,2.92
,,,-0.00898,2.08,2.84
,,,-0.00897,2.12,2.72
,,,-0.00896,2.12,2.6
,,,-0.00895,2.12,2.48
,,,-0.00894,2.12,2.32
,,,-0.00893,2.12,2.24
,,,-0.00892,2.12,2.12
,,,-0.00891,2.12,1.96
,,,-0.0089,2.12,1.84
,,,-0.00889,2.12,1.68
,,,-0.00888,2.08,1.56
,,,-0.00887,2.08,1.44
,,,-0.00886,2.08,1.32
,,,-0.00885,2.08,1.24
,,,-0.00884,2.04,1.16
,,,-0.00883,2.04,1.08
,,,-0.00882,2,1.04
,,,-0.00881,1.96,1
,,,-0.0088,1.96,0.96
,,,-0.00879,1.96,1
,,,-0.00878,1.92,1
,,,-0.00877,1.88,1.04
,,,-0.00876,1.88,1.04
,,,-0.00875,1.84,1.12
,,,-0.00874,1.84,1.2
,,,-0.00873,1.84,1.28
,,,-0.00872,1.84,1.4
,,,-0.00871,1.8,1.48
,,,-0.0087,1.8,1.6
,,,-0.00869,1.8,1.76
,,,-0.00868,1.8,1.88
,,,-0.00867,1.8,2.04
,,,-0.00866,1.8,2.16
,,,-0.00865,1.8,2.28
,,,-0.00864,1.84,2.4
,,,-0.00863,1.84,2.56
,,,-0.00862,1.84,2.68
,,,-0.00861,1.88,2.76
,,,-0.0086,1.88,2.88
,,,-0.00859,1.88,2.92
,,,-0.00858,1.92,3.04
,,,-0.00857,1.96,3.08
,,,-0.00856,1.96,3.12
,,,-0.00855,2,3.12
,,,-0.00854,2.04,3.12
,,,-0.00853,2.04,3.12
,,,-0.00852,2.08,3.08
,,,-0.00851,2.08,3.04
,,,-0.0085,2.12,2.96
,,,-0.00849,2.12,2.88
,,,-0.00848,2.16,2.8
,,,-0.00847,2.16,2.68
,,,-0.00846,2.16,2.6
,,,-0.00845,2.16,2.44
,,,-0.00844,2.2,2.32
,,,-0.00843,2.2,2.2
,,,-0.00842,2.16,2.04
,,,-0.00841,2.16,1.92
,,,-0.0084,2.2,1.76
,,,-0.00839,2.16,1.64
,,,-0.00838,2.12,1.52
,,,-0.00837,2.12,1.36
,,,-0.00836,2.08,1.24
,,,-0.00835,2.08,1.2
,,,-0.00834,2.08,1.12
,,,-0.00833,2.04,1.04
,,,-0.00832,2,0.96
,,,-0.00831,2,0.96
,,,-0.0083,1.96,0.92
,,,-0.00829,1.92,0.88
,,,-0.00828,1.88,0.92
,,,-0.00827,1.88,0.96
,,,-0.00826,1.84,1
,,,-0.00825,1.88,1.08
,,,-0.00824,1.84,1.12
,,,-0.00823,1.84,1.2
,,,-0.00822,1.8,1.32
,,,-0.00821,1.8,1.4
,,,-0.0082,1.8,1.52
,,,-0.00819,1.8,1.68
,,,-0.00818,1.8,1.8
,,,-0.00817,1.76,1.92
,,,-0.00816,1.8,2.04
,,,-0.00815,1.8,2.2
,,,-0.00814,1.8,2.32
,,,-0.00813,1.84,2.44
,,,-0.00812,1.8,2.56
,,,-0.00811,1.84,2.68
,,,-0.0081,1.84,2.76
,,,-0.00809,1.92,2.84
,,,-0.00808,1.92,2.92
,,,-0.00807,1.92,2.96
,,,-0.00806,1.96,2.96
,,,-0.00805,1.96,3
,,,-0.00804,2,3
,,,-0.00803,2,3
,,,-0.00802,2.04,2.96
,,,-0.00801,2.04,2.88
,,,-0.008,2.04,2.84
,,,-0.00799,2.08,2.76
,,,-0.00798,2.08,2.68
,,,-0.00797,2.12,2.56
,,,-0.00796,2.12,2.44
,,,-0.00795,2.12,2.32
,,,-0.00794,2.12,2.2
,,,-0.00793,2.12,2.04
,,,-0.00792,2.12,1.88
,,,-0.00791,2.12,1.76
,,,-0.0079,2.08,1.6
,,,-0.00789,2.08,1.48
,,,-0.00788,2.08,1.36
,,,-0.00787,2.04,1.24
,,,-0.00786,2.04,1.12
,,,-0.00785,2,1.04
,,,-0.00784,1.96,0.96
,,,-0.00783,2,0.88
,,,-0.00782,1.92,0.8
,,,-0.00781,1.92,0.76
,,,-0.0078,1.88,0.72
,,,-0.00779,1.88,0.72
,,,-0.00778,1.84,0.72
,,,-0.00777,1.8,0.76
,,,-0.00776,1.76,0.76
,,,-0.00775,1.8,0.84
,,,-0.00774,1.76,0.96
,,,-0.00773,1.72,1.04
,,,-0.00772,1.72,1.12
,,,-0.00771,1.68,1.2
,,,-0.0077,1.68,1.32
,,,-0.00769,1.68,1.48
,,,-0.00768,1.68,1.6
,,,-0.00767,1.68,1.76
,,,-0.00766,1.68,1.88
,,,-0.00765,1.68,2
,,,-0.00764,1.68,2.12
,,,-0.00763,1.72,2.24
,,,-0.00762,1.72,2.36
,,,-0.00761,1.72,2.44
,,,-0.0076,1.76,2.56
,,,-0.00759,1.76,2.64
,,,-0.00758,1.8,2.72
,,,-0.00757,1.8,2.72
,,,-0.00756,1.8,2.76
,,,-0.00755,1.84,2.8
,,,-0.00754,1.84,2.8
,,,-0.00753,1.88,2.76
,,,-0.00752,1.88,2.72
,,,-0.00751,1.92,2.68
,,,-0.0075,1.92,2.64
,,,-0.00749,1.96,2.56
,,,-0.00748,1.96,2.44
,,,-0.00747,1.96,2.32
,,,-0.00746,2,2.24
,,,-0.00745,1.96,2.08
,,,-0.00744,2,1.96
,,,-0.00743,1.96,1.84
,,,-0.00742,1.96,1.68
,,,-0.00741,1.96,1.52
,,,-0.0074,1.96,1.4
,,,-0.00739,1.92,1.24
,,,-0.00738,1.92,1.12
,,,-0.00737,1.88,1
,,,-0.00736,1.88,0.88
,,,-0.00735,1.84,0.8
,,,-0.00734,1.8,0.68
,,,-0.00733,1.8,0.64
,,,-0.00732,1.8,0.56
,,,-0.00731,1.72,0.52
,,,-0.0073,1.72,0.48
,,,-0.00729,1.68,0.48
,,,-0.00728,1.68,0.48
,,,-0.00727,1.64,0.52
,,,-0.00726,1.6,0.56
,,,-0.00725,1.6,0.6
,,,-0.00724,1.56,0.68
,,,-0.00723,1.52,0.76
,,,-0.00722,1.52,0.88
,,,-0.00721,1.52,1
,,,-0.0072,1.48,1.12
,,,-0.00719,1.48,1.24
,,,-0.00718,1.48,1.36
,,,-0.00717,1.48,1.48
,,,-0.00716,1.48,1.6
,,,-0.00715,1.48,1.76
,,,-0.00714,1.52,1.88
,,,-0.00713,1.52,2
,,,-0.00712,1.52,2.12
,,,-0.00711,1.52,2.2
,,,-0.0071,1.52,2.28
,,,-0.00709,1.56,2.36
,,,-0.00708,1.56,2.4
,,,-0.00707,1.6,2.44
,,,-0.00706,1.6,2.52
,,,-0.00705,1.64,2.52
,,,-0.00704,1.64,2.52
,,,-0.00703,1.68,2.52
,,,-0.00702,1.72,2.44
,,,-0.00701,1.72,2.44
,,,-0.007,1.72,2.36
,,,-0.00699,1.72,2.28
,,,-0.00698,1.72,2.16
,,,-0.00697,1.76,2.08
,,,-0.00696,1.76,1.92
,,,-0.00695,1.76,1.8
,,,-0.00694,1.76,1.68
,,,-0.00693,1.76,1.52
,,,-0.00692,1.76,1.4
,,,-0.00691,1.76,1.24
,,,-0.0069,1.72,1.12
,,,-0.00689,1.72,1
,,,-0.00688,1.68,0.84
,,,-0.00687,1.68,0.72
,,,-0.00686,1.64,0.6
,,,-0.00685,1.6,0.48
,,,-0.00684,1.6,0.4
,,,-0.00683,1.56,0.32
,,,-0.00682,1.52,0.24
,,,-0.00681,1.52,0.2
,,,-0.0068,1.48,0.2
,,,-0.00679,1.44,0.2
,,,-0.00678,1.4,0.2
,,,-0.00677,1.4,0.24
,,,-0.00676,1.36,0.28
,,,-0.00675,1.36,0.28
,,,-0.00674,1.32,0.36
,,,-0.00673,1.28,0.48
,,,-0.00672,1.28,0.56
,,,-0.00671,1.24,0.68
,,,-0.0067,1.24,0.8
,,,-0.00669,1.2,0.92
,,,-0.00668,1.24,1.08
,,,-0.00667,1.24,1.2
,,,-0.00666,1.24,1.32
,,,-0.00665,1.24,1.44
,,,-0.00664,1.24,1.56
,,,-0.00663,1.24,1.68
,,,-0.00662,1.28,1.8
,,,-0.00661,1.28,1.88
,,,-0.0066,1.28,2
,,,-0.00659,1.28,2.08
,,,-0.00658,1.28,2.12
,,,-0.00657,1.36,2.2
,,,-0.00656,1.32,2.24
,,,-0.00655,1.36,2.24
,,,-0.00654,1.4,2.2
,,,-0.00653,1.4,2.2
,,,-0.00652,1.44,2.16
,,,-0.00651,1.44,2.08
,,,-0.0065,1.48,2.04
,,,-0.00649,1.48,1.96
,,,-0.00648,1.48,1.88
,,,-0.00647,1.48,1.76
,,,-0.00646,1.48,1.64
,,,-0.00645,1.52,1.48
,,,-0.00644,1.48,1.36
,,,-0.00643,1.48,1.2
,,,-0.00642,1.48,1.08
,,,-0.00641,1.44,0.96
,,,-0.0064,1.44,0.8
,,,-0.00639,1.44,0.64
,,,-0.00638,1.4,0.52
,,,-0.00637,1.4,0.4
,,,-0.00636,1.36,0.28
,,,-0.00635,1.36,0.2
,,,-0.00634,1.28,0.08
,,,-0.00633,1.28,0
,,,-0.00632,1.24,-0.04
,,,-0.00631,1.2,-0.08
,,,-0.0063,1.16,-0.08
,,,-0.00629,1.16,-0.12
,,,-0.00628,1.12,-0.12
,,,-0.00627,1.12,-0.08
,,,-0.00626,1.08,0
,,,-0.00625,1.08,0.04
,,,-0.00624,1.04,0.08
,,,-0.00623,1,0.16
,,,-0.00622,1,0.24
,,,-0.00621,0.96,0.32
,,,-0.0062,0.96,0.48
,,,-0.00619,1,0.6
,,,-0.00618,0.92,0.76
,,,-0.00617,0.96,0.88
,,,-0.00616,0.92,1.04
,,,-0.00615,0.92,1.12
,,,-0.00614,0.92,1.24
,,,-0.00613,0.96,1.36
,,,-0.00612,0.96,1.48
,,,-0.00611,1,1.6
,,,-0.0061,1,1.68
,,,-0.00609,1,1.72
,,,-0.00608,1.04,1.8
,,,-0.00607,1.08,1.84
,,,-0.00606,1.08,1.88
,,,-0.00605,1.08,1.88
,,,-0.00604,1.12,1.88
,,,-0.00603,1.12,1.88
,,,-0.00602,1.12,1.88
,,,-0.00601,1.16,1.8
,,,-0.006,1.16,1.72
,,,-0.00599,1.16,1.64
,,,-0.00598,1.16,1.56
,,,-0.00597,1.16,1.44
,,,-0.00596,1.2,1.32
,,,-0.00595,1.2,1.2
,,,-0.00594,1.2,1.04
,,,-0.00593,1.16,0.88
,,,-0.00592,1.16,0.76
,,,-0.00591,1.16,0.6
,,,-0.0059,1.16,0.48
,,,-0.00589,1.12,0.32
,,,-0.00588,1.08,0.2
,,,-0.00587,1.12,0.12
,,,-0.00586,1.08,-0.04
,,,-0.00585,1.04,-0.12
,,,-0.00584,1,-0.24
,,,-0.00583,0.96,-0.32
,,,-0.00582,0.96,-0.36
,,,-0.00581,0.92,-0.4
,,,-0.0058,0.88,-0.44
,,,-0.00579,0.84,-0.44
,,,-0.00578,0.84,-0.44
,,,-0.00577,0.84,-0.4
,,,-0.00576,0.76,-0.36
,,,-0.00575,0.76,-0.32
,,,-0.00574,0.72,-0.24
,,,-0.00573,0.72,-0.16
,,,-0.00572,0.72,-0.04
,,,-0.00571,0.68,0.08
,,,-0.0057,0.64,0.16
,,,-0.00569,0.68,0.32
,,,-0.00568,0.64,0.44
,,,-0.00567,0.6,0.56
,,,-0.00566,0.68,0.68
,,,-0.00565,0.68,0.8
,,,-0.00564,0.64,0.96
,,,-0.00563,0.64,1.08
,,,-0.00562,0.68,1.2
,,,-0.00561,0.68,1.28
,,,-0.0056,0.68,1.36
,,,-0.00559,0.72,1.44
,,,-0.00558,0.72,1.52
,,,-0.00557,0.76,1.56
,,,-0.00556,0.76,1.6
,,,-0.00555,0.76,1.64
,,,-0.00554,0.8,1.6
,,,-0.00553,0.8,1.56
,,,-0.00552,0.84,1.56
,,,-0.00551,0.88,1.48
,,,-0.0055,0.88,1.4
,,,-0.00549,0.84,1.36
,,,-0.00548,0.88,1.24
,,,-0.00547,0.88,1.12
,,,-0.00546,0.88,1.04
,,,-0.00545,0.92,0.88
,,,-0.00544,0.88,0.76
,,,-0.00543,0.88,0.64
,,,-0.00542,0.88,0.48
,,,-0.00541,0.84,0.32
,,,-0.0054,0.84,0.2
,,,-0.00539,0.84,0.04
,,,-0.00538,0.8,-0.08
,,,-0.00537,0.8,-0.2
,,,-0.00536,0.76,-0.32
,,,-0.00535,0.72,-0.4
,,,-0.00534,0.72,-0.48
,,,-0.00533,0.68,-0.56
,,,-0.00532,0.68,-0.6
,,,-0.00531,0.6,-0.68
,,,-0.0053,0.6,-0.68
,,,-0.00529,0.56,-0.72
,,,-0.00528,0.56,-0.68
,,,-0.00527,0.48,-0.68
,,,-0.00526,0.48,-0.6
,,,-0.00525,0.44,-0.52
,,,-0.00524,0.44,-0.52
,,,-0.00523,0.4,-0.4
,,,-0.00522,0.4,-0.32
,,,-0.00521,0.4,-0.2
,,,-0.0052,0.36,-0.08
,,,-0.00519,0.36,0.04
,,,-0.00518,0.36,0.16
,,,-0.00517,0.36,0.28
,,,-0.00516,0.36,0.44
,,,-0.00515,0.36,0.56
,,,-0.00514,0.36,0.68
,,,-0.00513,0.36,0.8
,,,-0.00512,0.36,0.92
,,,-0.00511,0.4,1.04
,,,-0.0051,0.4,1.12
,,,-0.00509,0.4,1.2
,,,-0.00508,0.44,1.28
,,,-0.00507,0.44,1.32
,,,-0.00506,0.48,1.32
,,,-0.00505,0.48,1.36
,,,-0.00504,0.52,1.36
,,,-0.00503,0.52,1.32
,,,-0.00502,0.56,1.32
,,,-0.00501,0.56,1.28
,,,-0.005,0.56,1.2
,,,-0.00499,0.6,1.12
,,,-0.00498,0.6,1.04
,,,-0.00497,0.6,0.92
,,,-0.00496,0.64,0.8
,,,-0.00495,0.6,0.68
,,,-0.00494,0.6,0.56
,,,-0.00493,0.6,0.4
,,,-0.00492,0.6,0.24
,,,-0.00491,0.6,0.12
,,,-0.0049,0.6,0
,,,-0.00489,0.56,-0.16
,,,-0.00488,0.56,-0.28
,,,-0.00487,0.52,-0.44
,,,-0.00486,0.48,-0.52
,,,-0.00485,0.48,-0.6
,,,-0.00484,0.44,-0.72
,,,-0.00483,0.4,-0.76
,,,-0.00482,0.4,-0.84
,,,-0.00481,0.36,-0.88
,,,-0.0048,0.36,-0.92
,,,-0.00479,0.32,-0.92
,,,-0.00478,0.28,-0.88
,,,-0.00477,0.24,-0.88
,,,-0.00476,0.24,-0.84
,,,-0.00475,0.2,-0.8
,,,-0.00474,0.2,-0.72
,,,-0.00473,0.16,-0.6
,,,-0.00472,0.16,-0.52
,,,-0.00471,0.12,-0.4
,,,-0.0047,0.12,-0.28
,,,-0.00469,0.12,-0.16
,,,-0.00468,0.12,0
,,,-0.00467,0.12,0.12
,,,-0.00466,0.12,0.24
,,,-0.00465,0.12,0.4
,,,-0.00464,0.12,0.52
,,,-0.00463,0.16,0.64
,,,-0.00462,0.12,0.72
,,,-0.00461,0.16,0.84
,,,-0.0046,0.2,0.96
,,,-0.00459,0.2,1.04
,,,-0.00458,0.2,1.12
,,,-0.00457,0.24,1.12
,,,-0.00456,0.24,1.16
,,,-0.00455,0.28,1.2
,,,-0.00454,0.32,1.2
,,,-0.00453,0.32,1.2
,,,-0.00452,0.36,1.16
,,,-0.00451,0.36,1.08
,,,-0.0045,0.36,1.04
,,,-0.00449,0.36,0.96
,,,-0.00448,0.36,0.88
,,,-0.00447,0.36,0.76
,,,-0.00446,0.4,0.64
,,,-0.00445,0.4,0.52
,,,-0.00444,0.4,0.36
,,,-0.00443,0.4,0.24
,,,-0.00442,0.36,0.12
,,,-0.00441,0.36,-0.04
,,,-0.0044,0.36,-0.2
,,,-0.00439,0.36,-0.28
,,,-0.00438,0.36,-0.44
,,,-0.00437,0.36,-0.52
,,,-0.00436,0.32,-0.64
,,,-0.00435,0.28,-0.76
,,,-0.00434,0.24,-0.84
,,,-0.00433,0.24,-0.92
,,,-0.00432,0.2,-0.96
,,,-0.00431,0.2,-1
,,,-0.0043,0.16,-1.04
,,,-0.00429,0.12,-1.04
,,,-0.00428,0.12,-1
,,,-0.00427,0.08,-1
,,,-0.00426,0.04,-0.92
,,,-0.00425,0.04,-0.88
,,,-0.00424,0,-0.8
,,,-0.00423,0,-0.72
,,,-0.00422,-0.04,-0.6
,,,-0.00421,-0.04,-0.48
,,,-0.0042,-0.04,-0.36
,,,-0.00419,-0.04,-0.28
,,,-0.00418,-0.04,-0.12
,,,-0.00417,-0.08,0
,,,-0.00416,-0.04,0.16
,,,-0.00415,-0.08,0.28
,,,-0.00414,-0.04,0.44
,,,-0.00413,0,0.56
,,,-0.00412,0,0.68
,,,-0.00411,0,0.76
,,,-0.0041,0,0.88
,,,-0.00409,0.04,0.96
,,,-0.00408,0.04,1
,,,-0.00407,0.12,1.08
,,,-0.00406,0.08,1.08
,,,-0.00405,0.12,1.12
,,,-0.00404,0.12,1.12
,,,-0.00403,0.16,1.08
,,,-0.00402,0.2,1.08
,,,-0.00401,0.2,1.04
,,,-0.004,0.24,0.96
,,,-0.00399,0.24,0.88
,,,-0.00398,0.24,0.8
,,,-0.00397,0.28,0.68
,,,-0.00396,0.28,0.56
,,,-0.00395,0.28,0.48
,,,-0.00394,0.28,0.32
,,,-0.00393,0.28,0.2
,,,-0.00392,0.28,0.04
,,,-0.00391,0.28,-0.08
,,,-0.0039,0.24,-0.2
,,,-0.00389,0.24,-0.36
,,,-0.00388,0.24,-0.48
,,,-0.00387,0.2,-0.6
,,,-0.00386,0.2,-0.72
,,,-0.00385,0.16,-0.8
,,,-0.00384,0.16,-0.88
,,,-0.00383,0.12,-0.96
,,,-0.00382,0.12,-1
,,,-0.00381,0.08,-1.04
,,,-0.0038,0.04,-1.04
,,,-0.00379,0,-1.04
,,,-0.00378,0,-1.04
,,,-0.00377,-0.04,-1
,,,-0.00376,-0.04,-0.96
,,,-0.00375,-0.04,-0.88
,,,-0.00374,-0.08,-0.8
,,,-0.00373,-0.08,-0.72
,,,-0.00372,-0.12,-0.6
,,,-0.00371,-0.12,-0.52
,,,-0.0037,-0.12,-0.4
,,,-0.00369,-0.16,-0.24
,,,-0.00368,-0.16,-0.12
,,,-0.00367,-0.12,0
,,,-0.00366,-0.12,0.12
,,,-0.00365,-0.12,0.28
,,,-0.00364,-0.12,0.4
,,,-0.00363,-0.12,0.56
,,,-0.00362,-0.08,0.68
,,,-0.00361,-0.08,0.76
,,,-0.0036,-0.08,0.88
,,,-0.00359,-0.04,0.96
,,,-0.00358,0,1.04
,,,-0.00357,0.04,1.08
,,,-0.00356,0.04,1.12
,,,-0.00355,0.08,1.12
,,,-0.00354,0.08,1.12
,,,-0.00353,0.12,1.12
,,,-0.00352,0.16,1.08
,,,-0.00351,0.16,1.08
,,,-0.0035,0.16,1.04
,,,-0.00349,0.16,0.88
,,,-0.00348,0.2,0.84
,,,-0.00347,0.24,0.72
,,,-0.00346,0.24,0.64
,,,-0.00345,0.24,0.48
,,,-0.00344,0.24,0.36
,,,-0.00343,0.24,0.24
,,,-0.00342,0.24,0.12
,,,-0.00341,0.24,-0.04
,,,-0.0034,0.24,-0.16
,,,-0.00339,0.2,-0.32
,,,-0.00338,0.2,-0.44
,,,-0.00337,0.16,-0.52
,,,-0.00336,0.16,-0.6
,,,-0.00335,0.16,-0.72
,,,-0.00334,0.12,-0.8
,,,-0.00333,0.08,-0.88
,,,-0.00332,0.08,-0.92
,,,-0.00331,0.08,-0.96
,,,-0.0033,0.04,-1
,,,-0.00329,0,-0.96
,,,-0.00328,0,-0.96
,,,-0.00327,-0.04,-0.92
,,,-0.00326,-0.08,-0.88
,,,-0.00325,-0.08,-0.8
,,,-0.00324,-0.08,-0.72
,,,-0.00323,-0.08,-0.64
,,,-0.00322,-0.12,-0.52
,,,-0.00321,-0.12,-0.44
,,,-0.0032,-0.12,-0.28
,,,-0.00319,-0.12,-0.16
,,,-0.00318,-0.12,-0.04
,,,-0.00317,-0.16,0.12
,,,-0.00316,-0.12,0.24
,,,-0.00315,-0.12,0.4
,,,-0.00314,-0.08,0.52
,,,-0.00313,-0.08,0.68
,,,-0.00312,-0.04,0.76
,,,-0.00311,-0.04,0.92
,,,-0.0031,0,0.96
,,,-0.00309,0,1.04
,,,-0.00308,0.04,1.12
,,,-0.00307,0.04,1.2
,,,-0.00306,0.04,1.24
,,,-0.00305,0.08,1.24
,,,-0.00304,0.12,1.28
,,,-0.00303,0.16,1.28
,,,-0.00302,0.16,1.2
,,,-0.00301,0.2,1.16
,,,-0.003,0.24,1.12
,,,-0.00299,0.24,1.08
,,,-0.00298,0.24,0.96
,,,-0.00297,0.24,0.88
,,,-0.00296,0.28,0.76
,,,-0.00295,0.28,0.64
,,,-0.00294,0.32,0.52
,,,-0.00293,0.32,0.36
,,,-0.00292,0.32,0.24
,,,-0.00291,0.32,0.12
,,,-0.0029,0.32,-0.04
,,,-0.00289,0.28,-0.12
,,,-0.00288,0.28,-0.28
,,,-0.00287,0.24,-0.4
,,,-0.00286,0.24,-0.52
,,,-0.00285,0.24,-0.56
,,,-0.00284,0.2,-0.64
,,,-0.00283,0.16,-0.72
,,,-0.00282,0.16,-0.76
,,,-0.00281,0.12,-0.8
,,,-0.0028,0.12,-0.84
,,,-0.00279,0.12,-0.8
,,,-0.00278,0.08,-0.8
,,,-0.00277,0.08,-0.8
,,,-0.00276,0.04,-0.72
,,,-0.00275,0,-0.68
,,,-0.00274,0,-0.56
,,,-0.00273,0,-0.48
,,,-0.00272,0,-0.36
,,,-0.00271,0,-0.24
,,,-0.0027,0,-0.08
,,,-0.00269,-0.04,0
,,,-0.00268,0,0.16
,,,-0.00267,-0.04,0.28
,,,-0.00266,0,0.44
,,,-0.00265,0,0.56
,,,-0.00264,0,0.72
,,,-0.00263,0.04,0.84
,,,-0.00262,0.04,0.96
,,,-0.00261,0.08,1.08
,,,-0.0026,0.08,1.16
,,,-0.00259,0.12,1.24
,,,-0.00258,0.16,1.36
,,,-0.00257,0.16,1.4
,,,-0.00256,0.2,1.48
,,,-0.00255,0.2,1.48
,,,-0.00254,0.24,1.48
,,,-0.00253,0.28,1.48
,,,-0.00252,0.32,1.44
,,,-0.00251,0.32,1.4
,,,-0.0025,0.36,1.32
,,,-0.00249,0.4,1.28
,,,-0.00248,0.4,1.16
,,,-0.00247,0.4,1.08
,,,-0.00246,0.4,1
,,,-0.00245,0.44,0.84
,,,-0.00244,0.44,0.72
,,,-0.00243,0.44,0.6
,,,-0.00242,0.44,0.48
,,,-0.00241,0.44,0.28
,,,-0.0024,0.44,0.2
,,,-0.00239,0.44,0.08
,,,-0.00238,0.4,-0.04
,,,-0.00237,0.4,-0.16
,,,-0.00236,0.4,-0.24
,,,-0.00235,0.4,-0.36
,,,-0.00234,0.36,-0.44
,,,-0.00233,0.36,-0.48
,,,-0.00232,0.32,-0.52
,,,-0.00231,0.32,-0.56
,,,-0.0023,0.28,-0.56
,,,-0.00229,0.28,-0.56
,,,-0.00228,0.2,-0.56
,,,-0.00227,0.24,-0.52
,,,-0.00226,0.2,-0.48
,,,-0.00225,0.2,-0.4
,,,-0.00224,0.16,-0.32
,,,-0.00223,0.16,-0.24
,,,-0.00222,0.16,-0.12
,,,-0.00221,0.16,0
,,,-0.0022,0.16,0.16
,,,-0.00219,0.16,0.28
,,,-0.00218,0.16,0.44
,,,-0.00217,0.16,0.56
,,,-0.00216,0.16,0.68
,,,-0.00215,0.16,0.84
,,,-0.00214,0.2,0.96
,,,-0.00213,0.24,1.12
,,,-0.00212,0.24,1.24
,,,-0.00211,0.24,1.32
,,,-0.0021,0.32,1.48
,,,-0.00209,0.32,1.56
,,,-0.00208,0.36,1.64
,,,-0.00207,0.4,1.64
,,,-0.00206,0.4,1.72
,,,-0.00205,0.44,1.72
,,,-0.00204,0.48,1.76
,,,-0.00203,0.52,1.76
,,,-0.00202,0.52,1.72
,,,-0.00201,0.56,1.68
,,,-0.002,0.56,1.64
,,,-0.00199,0.56,1.56
,,,-0.00198,0.6,1.48
,,,-0.00197,0.6,1.36
,,,-0.00196,0.64,1.24
,,,-0.00195,0.68,1.12
,,,-0.00194,0.68,1.04
,,,-0.00193,0.68,0.88
,,,-0.00192,0.68,0.76
,,,-0.00191,0.64,0.64
,,,-0.0019,0.68,0.48
,,,-0.00189,0.64,0.36
,,,-0.00188,0.64,0.24
,,,-0.00187,0.64,0.12
,,,-0.00186,0.6,0.04
,,,-0.00185,0.6,-0.04
,,,-0.00184,0.56,-0.16
,,,-0.00183,0.56,-0.2
,,,-0.00182,0.56,-0.24
,,,-0.00181,0.52,-0.24
,,,-0.0018,0.52,-0.28
,,,-0.00179,0.52,-0.28
,,,-0.00178,0.48,-0.28
,,,-0.00177,0.48,-0.24
,,,-0.00176,0.44,-0.16
,,,-0.00175,0.44,-0.08
,,,-0.00174,0.4,0
,,,-0.00173,0.4,0.08
,,,-0.00172,0.4,0.2
,,,-0.00171,0.4,0.28
,,,-0.0017,0.4,0.44
,,,-0.00169,0.4,0.56
,,,-0.00168,0.4,0.72
,,,-0.00167,0.4,0.88
,,,-0.00166,0.44,1
,,,-0.00165,0.44,1.16
,,,-0.00164,0.48,1.24
,,,-0.00163,0.48,1.4
,,,-0.00162,0.48,1.52
,,,-0.00161,0.56,1.64
,,,-0.0016,0.56,1.76
,,,-0.00159,0.56,1.84
,,,-0.00158,0.6,1.88
,,,-0.00157,0.64,2
,,,-0.00156,0.68,2
,,,-0.00155,0.68,2.04
,,,-0.00154,0.72,2.08
,,,-0.00153,0.76,2.04
,,,-0.00152,0.8,2.04
,,,-0.00151,0.8,2
,,,-0.0015,0.84,1.92
,,,-0.00149,0.84,1.84
,,,-0.00148,0.88,1.76
,,,-0.00147,0.88,1.68
,,,-0.00146,0.92,1.56
,,,-0.00145,0.92,1.48
,,,-0.00144,0.92,1.32
,,,-0.00143,0.96,1.2
,,,-0.00142,0.96,1.08
,,,-0.00141,0.96,0.92
,,,-0.0014,0.92,0.8
,,,-0.00139,0.92,0.68
,,,-0.00138,0.92,0.56
,,,-0.00137,0.92,0.48
,,,-0.00136,0.92,0.32
,,,-0.00135,0.88,0.24
,,,-0.00134,0.88,0.16
,,,-0.00133,0.84,0.12
,,,-0.00132,0.84,0.08
,,,-0.00131,0.8,0.04
,,,-0.0013,0.8,0.04
,,,-0.00129,0.76,0.04
,,,-0.00128,0.76,0.04
,,,-0.00127,0.76,0.12
,,,-0.00126,0.76,0.16
,,,-0.00125,0.72,0.2
,,,-0.00124,0.72,0.28
,,,-0.00123,0.72,0.4
,,,-0.00122,0.72,0.52
,,,-0.00121,0.68,0.6
,,,-0.0012,0.72,0.76
,,,-0.00119,0.72,0.88
,,,-0.00118,0.72,1.04
,,,-0.00117,0.72,1.16
,,,-0.00116,0.72,1.32
,,,-0.00115,0.76,1.48
,,,-0.00114,0.76,1.6
,,,-0.00113,0.8,1.72
,,,-0.00112,0.76,1.84
,,,-0.00111,0.8,1.96
,,,-0.0011,0.84,2.08
,,,-0.00109,0.88,2.16
,,,-0.00108,0.92,2.24
,,,-0.00107,0.92,2.28
,,,-0.00106,0.96,2.32
,,,-0.00105,1,2.36
,,,-0.00104,1.04,2.36
,,,-0.00103,1.04,2.36
,,,-0.00102,1.08,2.32
,,,-0.00101,1.12,2.32
,,,-0.001,1.16,2.24
,,,-0.00099,1.16,2.16
,,,-0.00098,1.16,2.08
,,,-0.00097,1.2,2
,,,-0.00096,1.2,1.88
,,,-0.00095,1.24,1.8
,,,-0.00094,1.24,1.64
,,,-0.00093,1.24,1.52
,,,-0.00092,1.24,1.4
,,,-0.00091,1.24,1.28
,,,-0.0009,1.24,1.12
,,,-0.00089,1.2,1
,,,-0.00088,1.2,0.88
,,,-0.00087,1.2,0.8
,,,-0.00086,1.2,0.68
,,,-0.00085,1.2,0.6
,,,-0.00084,1.16,0.52
,,,-0.00083,1.16,0.44
,,,-0.00082,1.12,0.36
,,,-0.00081,1.12,0.36
,,,-0.0008,1.12,0.32
,,,-0.00079,1.08,0.36
,,,-0.00078,1.08,0.36
,,,-0.00077,1.08,0.4
,,,-0.00076,1.04,0.44
,,,-0.00075,1.04,0.52
,,,-0.00074,1.04,0.6
,,,-0.00073,1.04,0.72
,,,-0.00072,1,0.8
,,,-0.00071,1.04,0.92
,,,-0.0007,1,1.04
,,,-0.00069,1.04,1.2
,,,-0.00068,1.04,1.32
,,,-0.00067,1,1.48
,,,-0.00066,1.04,1.64
,,,-0.00065,1.04,1.76
,,,-0.00064,1.08,1.88
,,,-0.00063,1.12,2
,,,-0.00062,1.12,2.16
,,,-0.00061,1.12,2.28
,,,-0.0006,1.16,2.36
,,,-0.00059,1.16,2.44
,,,-0.00058,1.2,2.52
,,,-0.00057,1.24,2.6
,,,-0.00056,1.24,2.64
,,,-0.00055,1.28,2.64
,,,-0.00054,1.32,2.68
,,,-0.00053,1.36,2.68
,,,-0.00052,1.36,2.64
,,,-0.00051,1.44,2.6
,,,-0.0005,1.44,2.56
,,,-0.00049,1.48,2.44
,,,-0.00048,1.48,2.36
,,,-0.00047,1.48,2.28
,,,-0.00046,1.56,2.16
,,,-0.00045,1.52,2.08
,,,-0.00044,1.52,1.92
,,,-0.00043,1.52,1.8
,,,-0.00042,1.56,1.64
,,,-0.00041,1.56,1.56
,,,-0.0004,1.56,1.4
,,,-0.00039,1.52,1.28
,,,-0.00038,1.56,1.16
,,,-0.00037,1.52,1.08
,,,-0.00036,1.52,1
,,,-0.00035,1.48,0.84
,,,-0.00034,1.48,0.76
,,,-0.00033,1.44,0.72
,,,-0.00032,1.44,0.68
,,,-0.00031,1.4,0.64
,,,-0.0003,1.4,0.6
,,,-0.00029,1.4,0.64
,,,-0.00028,1.4,0.64
,,,-0.00027,1.32,0.68
,,,-0.00026,1.32,0.72
,,,-0.00025,1.32,0.8
,,,-0.00024,1.28,0.88
,,,-0.00023,1.28,0.96
,,,-0.00022,1.32,1.08
,,,-0.00021,1.24,1.2
,,,-0.0002,1.28,1.32
,,,-0.00019,1.28,1.48
,,,-0.00018,1.28,1.6
,,,-0.00017,1.32,1.72
,,,-0.00016,1.32,1.88
,,,-0.00015,1.32,2
,,,-0.00014,1.36,2.16
,,,-0.00013,1.36,2.28
,,,-0.00012,1.36,2.4
,,,-0.00011,1.4,2.48
,,,-0.0001,1.44,2.6
,,,-0.00009,1.48,2.68
,,,-0.00008,1.48,2.76
,,,-0.00007,1.52,2.84
,,,-0.00006,1.56,2.84
,,,-0.00005,1.56,2.92
,,,-0.00004,1.6,2.92
,,,-0.00003,1.64,2.88
,,,-0.00002,1.68,2.88
,,,-0.00001,1.68,2.84
,,,0,1.72,2.76
,,,0.00001,1.72,2.68
,,,0.00002,1.76,2.64
,,,0.00003,1.76,2.52
,,,0.00004,1.76,2.36
,,,0.00005,1.8,2.28
,,,0.00006,1.8,2.16
,,,0.00007,1.8,2.04
,,,0.00008,1.8,1.88
,,,0.00009,1.8,1.76
,,,0.0001,1.8,1.64
,,,0.00011,1.8,1.48
,,,0.00012,1.76,1.36
,,,0.00013,1.76,1.24
,,,0.00014,1.76,1.16
,,,0.00015,1.76,1.08
,,,0.00016,1.72,1
,,,0.00017,1.72,0.92
,,,0.00018,1.68,0.84
,,,0.00019,1.68,0.8
,,,0.0002,1.68,0.84
,,,0.00021,1.6,0.84
,,,0.00022,1.6,0.84
,,,0.00023,1.6,0.88
,,,0.00024,1.56,0.92
,,,0.00025,1.56,1
,,,0.00026,1.56,1.08
,,,0.00027,1.52,1.16
,,,0.00028,1.52,1.28
,,,0.00029,1.52,1.4
,,,0.0003,1.52,1.52
,,,0.00031,1.56,1.64
,,,0.00032,1.52,1.8
,,,0.00033,1.52,1.92
,,,0.00034,1.56,2.08
,,,0.00035,1.56,2.2
,,,0.00036,1.56,2.32
,,,0.00037,1.6,2.44
,,,0.00038,1.6,2.6
,,,0.00039,1.6,2.72
,,,0.0004,1.64,2.76
,,,0.00041,1.68,2.88
,,,0.00042,1.72,2.96
,,,0.00043,1.76,3
,,,0.00044,1.76,3.04
,,,0.00045,1.8,3.08
,,,0.00046,1.84,3.08
,,,0.00047,1.84,3.04
,,,0.00048,1.88,3
,,,0.00049,1.88,2.96
,,,0.0005,1.92,2.92
,,,0.00051,1.96,2.84
,,,0.00052,1.96,2.76
,,,0.00053,2,2.64
,,,0.00054,1.96,2.56
,,,0.00055,2,2.44
,,,0.00056,2,2.28
,,,0.00057,2,2.16
,,,0.00058,2,2.04
,,,0.00059,2,1.88
,,,0.0006,2,1.8
,,,0.00061,2,1.64
,,,0.00062,2,1.52
,,,0.00063,1.96,1.4
,,,0.00064,2,1.28
,,,0.00065,1.96,1.2
,,,0.00066,1.92,1.12
,,,0.00067,1.92,1.08
,,,0.00068,1.88,1
,,,0.00069,1.84,0.96
,,,0.0007,1.84,0.96
,,,0.00071,1.8,0.96
,,,0.00072,1.8,0.96
,,,0.00073,1.8,1
,,,0.00074,1.76,1.08
,,,0.00075,1.76,1.08
,,,0.00076,1.76,1.16
,,,0.00077,1.72,1.28
,,,0.00078,1.72,1.36
,,,0.00079,1.72,1.52
,,,0.0008,1.68,1.64
,,,0.00081,1.72,1.76
,,,0.00082,1.72,1.88
,,,0.00083,1.72,2.04
,,,0.00084,1.72,2.16
,,,0.00085,1.72,2.28
,,,0.00086,1.76,2.44
,,,0.00087,1.76,2.52
,,,0.00088,1.76,2.64
,,,0.00089,1.8,2.76
,,,0.0009,1.8,2.88
,,,0.00091,1.84,2.96
,,,0.00092,1.88,3.04
,,,0.00093,1.92,3.12
,,,0.00094,1.92,3.16
,,,0.00095,1.96,3.16
,,,0.00096,1.96,3.16
,,,0.00097,2,3.16
,,,0.00098,2.04,3.12
,,,0.00099,2.04,3.08
,,,0.001,2.08,2.96
,,,0.00101,2.08,2.92
,,,0.00102,2.08,2.84
,,,0.00103,2.12,2.72
,,,0.00104,2.12,2.6
,,,0.00105,2.12,2.48
,,,0.00106,2.12,2.36
,,,0.00107,2.12,2.24
,,,0.00108,2.12,2.08
,,,0.00109,2.12,1.96
,,,0.0011,2.12,1.8
,,,0.00111,2.12,1.68
,,,0.00112,2.12,1.56
,,,0.00113,2.08,1.48
,,,0.00114,2.08,1.32
,,,0.00115,2.04,1.24
,,,0.00116,2.04,1.16
,,,0.00117,2,1.08
,,,0.00118,2,1.04
,,,0.00119,1.96,1
,,,0.0012,1.96,1
,,,0.00121,1.92,0.96
,,,0.00122,1.88,1
,,,0.00123,1.84,1
,,,0.00124,1.88,1.08
,,,0.00125,1.84,1.12
,,,0.00126,1.84,1.2
,,,0.00127,1.84,1.28
,,,0.00128,1.8,1.36
,,,0.00129,1.8,1.52
,,,0.0013,1.8,1.64
,,,0.00131,1.8,1.76
,,,0.00132,1.8,1.88
,,,0.00133,1.76,2
,,,0.00134,1.8,2.16
,,,0.00135,1.8,2.32
,,,0.00136,1.8,2.4
,,,0.00137,1.84,2.56
,,,0.00138,1.84,2.68
,,,0.00139,1.84,2.76
,,,0.0014,1.88,2.84
,,,0.00141,1.88,2.96
,,,0.00142,1.92,3
,,,0.00143,1.96,3.04
,,,0.00144,2,3.12
,,,0.00145,2,3.12
,,,0.00146,2.04,3.12
,,,0.00147,2.04,3.12
,,,0.00148,2.08,3.08
,,,0.00149,2.08,3.04
,,,0.0015,2.08,2.96
,,,0.00151,2.12,2.88
,,,0.00152,2.12,2.76
,,,0.00153,2.16,2.68
,,,0.00154,2.16,2.56
,,,0.00155,2.16,2.44
,,,0.00156,2.16,2.32
,,,0.00157,2.2,2.2
,,,0.00158,2.16,2.04
,,,0.00159,2.16,1.88
,,,0.0016,2.16,1.8
,,,0.00161,2.16,1.64
,,,0.00162,2.12,1.52
,,,0.00163,2.12,1.4
,,,0.00164,2.12,1.28
,,,0.00165,2.08,1.2
,,,0.00166,2.08,1.08
,,,0.00167,2.04,1.04
,,,0.00168,2,0.96
,,,0.00169,2,0.92
,,,0.0017,1.96,0.92
,,,0.00171,1.96,0.92
,,,0.00172,1.88,0.92
,,,0.00173,1.88,0.96
,,,0.00174,1.88,1
,,,0.00175,1.8,1.04
,,,0.00176,1.8,1.12
,,,0.00177,1.84,1.2
,,,0.00178,1.8,1.28
,,,0.00179,1.76,1.4
,,,0.0018,1.8,1.52
,,,0.00181,1.76,1.68
,,,0.00182,1.76,1.8
,,,0.00183,1.8,1.92
,,,0.00184,1.8,2.04
,,,0.00185,1.76,2.2
,,,0.00186,1.8,2.32
,,,0.00187,1.8,2.44
,,,0.00188,1.84,2.56
,,,0.00189,1.84,2.68
,,,0.0019,1.84,2.76
,,,0.00191,1.88,2.84
,,,0.00192,1.92,2.88
,,,0.00193,1.92,2.96
,,,0.00194,1.96,3
,,,0.00195,1.96,3
,,,0.00196,2,3
,,,0.00197,2,2.96
,,,0.00198,2.04,2.96
,,,0.00199,2.04,2.92
,,,0.002,2.04,2.84
,,,0.00201,2.08,2.76
,,,0.00202,2.08,2.68
,,,0.00203,2.12,2.56
,,,0.00204,2.12,2.4
,,,0.00205,2.12,2.32
,,,0.00206,2.12,2.16
,,,0.00207,2.12,2.04
,,,0.00208,2.12,1.88
,,,0.00209,2.12,1.76
,,,0.0021,2.12,1.64
,,,0.00211,2.08,1.48
,,,0.00212,2.08,1.36
,,,0.00213,2.04,1.24
,,,0.00214,2.04,1.12
,,,0.00215,2,1.04
,,,0.00216,2,0.96
,,,0.00217,1.92,0.88
,,,0.00218,1.96,0.8
,,,0.00219,1.88,0.76
,,,0.0022,1.88,0.72
,,,0.00221,1.88,0.72
,,,0.00222,1.84,0.72
,,,0.00223,1.84,0.76
,,,0.00224,1.76,0.8
,,,0.00225,1.76,0.84
,,,0.00226,1.72,0.96
,,,0.00227,1.72,1.04
,,,0.00228,1.72,1.12
,,,0.00229,1.72,1.24
,,,0.0023,1.72,1.36
,,,0.00231,1.68,1.48
,,,0.00232,1.68,1.6
,,,0.00233,1.68,1.76
,,,0.00234,1.68,1.88
,,,0.00235,1.68,2
,,,0.00236,1.68,2.16
,,,0.00237,1.68,2.24
,,,0.00238,1.72,2.36
,,,0.00239,1.72,2.44
,,,0.0024,1.72,2.56
,,,0.00241,1.76,2.68
,,,0.00242,1.76,2.72
,,,0.00243,1.8,2.76
,,,0.00244,1.84,2.8
,,,0.00245,1.84,2.8
,,,0.00246,1.84,2.76
,,,0.00247,1.88,2.8
,,,0.00248,1.88,2.76
,,,0.00249,1.92,2.68
,,,0.0025,1.92,2.64
,,,0.00251,1.96,2.56
,,,0.00252,1.96,2.44
,,,0.00253,1.96,2.32
,,,0.00254,1.96,2.2
,,,0.00255,1.96,2.08
,,,0.00256,1.96,1.96
,,,0.00257,1.96,1.8
,,,0.00258,1.96,1.68
,,,0.00259,2,1.52
,,,0.0026,1.92,1.4
,,,0.00261,1.92,1.24
,,,0.00262,1.92,1.12
,,,0.00263,1.92,1
,,,0.00264,1.88,0.88
,,,0.00265,1.84,0.8
,,,0.00266,1.8,0.68
,,,0.00267,1.8,0.64
,,,0.00268,1.76,0.56
,,,0.00269,1.76,0.52
,,,0.0027,1.72,0.52
,,,0.00271,1.68,0.48
,,,0.00272,1.64,0.48
,,,0.00273,1.6,0.52
,,,0.00274,1.6,0.56
,,,0.00275,1.56,0.64
,,,0.00276,1.56,0.68
,,,0.00277,1.56,0.76
,,,0.00278,1.52,0.88
,,,0.00279,1.48,1
,,,0.0028,1.48,1.12
,,,0.00281,1.48,1.2
,,,0.00282,1.48,1.36
,,,0.00283,1.48,1.48
,,,0.00284,1.48,1.64
,,,0.00285,1.48,1.76
,,,0.00286,1.48,1.84
,,,0.00287,1.48,2
,,,0.00288,1.52,2.12
,,,0.00289,1.52,2.2
,,,0.0029,1.52,2.28
,,,0.00291,1.56,2.36
,,,0.00292,1.6,2.4
,,,0.00293,1.6,2.44
,,,0.00294,1.6,2.48
,,,0.00295,1.6,2.52
,,,0.00296,1.64,2.52
,,,0.00297,1.68,2.52
,,,0.00298,1.68,2.44
,,,0.00299,1.68,2.4
,,,0.003,1.72,2.32
,,,0.00301,1.72,2.24
,,,0.00302,1.76,2.16
,,,0.00303,1.76,2.04
,,,0.00304,1.76,1.92
,,,0.00305,1.76,1.8
,,,0.00306,1.76,1.68
,,,0.00307,1.72,1.52
,,,0.00308,1.76,1.4
,,,0.00309,1.72,1.28
,,,0.0031,1.72,1.12
,,,0.00311,1.68,0.96
,,,0.00312,1.68,0.84
,,,0.00313,1.68,0.72
,,,0.00314,1.6,0.6
,,,0.00315,1.6,0.52
,,,0.00316,1.56,0.4
,,,0.00317,1.56,0.32
,,,0.00318,1.56,0.28
,,,0.00319,1.52,0.24
,,,0.0032,1.48,0.2
,,,0.00321,1.44,0.2
,,,0.00322,1.44,0.16
,,,0.00323,1.4,0.24
,,,0.00324,1.36,0.28
,,,0.00325,1.32,0.32
,,,0.00326,1.32,0.4
,,,0.00327,1.32,0.48
,,,0.00328,1.28,0.6
,,,0.00329,1.24,0.72
,,,0.0033,1.24,0.8
,,,0.00331,1.24,0.92
,,,0.00332,1.2,1.04
,,,0.00333,1.2,1.2
,,,0.00334,1.24,1.32
,,,0.00335,1.2,1.44
,,,0.00336,1.2,1.56
,,,0.00337,1.24,1.68
,,,0.00338,1.24,1.8
,,,0.00339,1.24,1.88
,,,0.0034,1.28,2
,,,0.00341,1.28,2.04
,,,0.00342,1.28,2.12
,,,0.00343,1.36,2.16
,,,0.00344,1.36,2.2
,,,0.00345,1.36,2.24
,,,0.00346,1.4,2.24
,,,0.00347,1.44,2.2
,,,0.00348,1.44,2.16
,,,0.00349,1.44,2.12
,,,0.0035,1.48,2.04
,,,0.00351,1.48,1.92
,,,0.00352,1.48,1.84
,,,0.00353,1.48,1.76
,,,0.00354,1.48,1.6
,,,0.00355,1.48,1.52
,,,0.00356,1.48,1.36
,,,0.00357,1.48,1.24
,,,0.00358,1.48,1.08
,,,0.00359,1.44,0.96
,,,0.0036,1.44,0.8
,,,0.00361,1.4,0.68
,,,0.00362,1.4,0.52
,,,0.00363,1.36,0.4
,,,0.00364,1.4,0.28
,,,0.00365,1.32,0.2
,,,0.00366,1.28,0.08
,,,0.00367,1.24,0.04
,,,0.00368,1.28,-0.04
,,,0.00369,1.2,-0.08
,,,0.0037,1.2,-0.08
,,,0.00371,1.16,-0.12
,,,0.00372,1.12,-0.12
,,,0.00373,1.12,-0.08
,,,0.00374,1.08,-0.04
,,,0.00375,1.04,0
,,,0.00376,1.04,0.08
,,,0.00377,1.04,0.16
,,,0.00378,1,0.24
,,,0.00379,0.96,0.36
,,,0.0038,1,0.48
,,,0.00381,0.96,0.6
,,,0.00382,0.92,0.72
,,,0.00383,0.92,0.84
,,,0.00384,0.92,1
,,,0.00385,0.96,1.12
,,,0.00386,0.96,1.24
,,,0.00387,0.92,1.36
,,,0.00388,0.96,1.48
,,,0.00389,1,1.56
,,,0.0039,1,1.68
,,,0.00391,1,1.76
,,,0.00392,1,1.8
,,,0.00393,1.04,1.84
,,,0.00394,1.08,1.88
,,,0.00395,1.08,1.92
,,,0.00396,1.08,1.88
,,,0.00397,1.12,1.88
,,,0.00398,1.12,1.84
,,,0.00399,1.12,1.8
,,,0.004,1.12,1.72
,,,0.00401,1.16,1.64
,,,0.00402,1.12,1.56
,,,0.00403,1.16,1.4
,,,0.00404,1.16,1.32
,,,0.00405,1.2,1.16
,,,0.00406,1.16,1.04
,,,0.00407,1.16,0.92
,,,0.00408,1.16,0.76
,,,0.00409,1.16,0.6
,,,0.0041,1.12,0.48
,,,0.00411,1.12,0.36
,,,0.00412,1.08,0.2
,,,0.00413,1.08,0.08
,,,0.00414,1.08,-0.04
,,,0.00415,1.08,-0.12
,,,0.00416,1.04,-0.24
,,,0.00417,1,-0.32
,,,0.00418,0.92,-0.36
,,,0.00419,0.92,-0.4
,,,0.0042,0.88,-0.4
,,,0.00421,0.88,-0.44
,,,0.00422,0.84,-0.4
,,,0.00423,0.8,-0.4
,,,0.00424,0.76,-0.36
,,,0.00425,0.76,-0.32
,,,0.00426,0.72,-0.2
,,,0.00427,0.72,-0.12
,,,0.00428,0.72,-0.04
,,,0.00429,0.64,0.04
,,,0.0043,0.68,0.16
,,,0.00431,0.64,0.28
,,,0.00432,0.64,0.44
,,,0.00433,0.64,0.56
,,,0.00434,0.64,0.72
,,,0.00435,0.64,0.8
,,,0.00436,0.64,0.96
,,,0.00437,0.64,1.08
,,,0.00438,0.68,1.16
,,,0.00439,0.68,1.28
,,,0.0044,0.68,1.36
,,,0.00441,0.72,1.48
,,,0.00442,0.72,1.52
,,,0.00443,0.72,1.56
,,,0.00444,0.76,1.6
,,,0.00445,0.76,1.6
,,,0.00446,0.76,1.6
,,,0.00447,0.8,1.6
,,,0.00448,0.8,1.56
,,,0.00449,0.84,1.52
,,,0.0045,0.84,1.4
,,,0.00451,0.84,1.36
,,,0.00452,0.88,1.24
,,,0.00453,0.88,1.12
,,,0.00454,0.88,1.04
,,,0.00455,0.88,0.88
,,,0.00456,0.88,0.76
,,,0.00457,0.88,0.64
,,,0.00458,0.88,0.48
,,,0.00459,0.88,0.32
,,,0.0046,0.84,0.2
,,,0.00461,0.8,0.08
,,,0.00462,0.8,-0.08
,,,0.00463,0.8,-0.2
,,,0.00464,0.8,-0.32
,,,0.00465,0.72,-0.4
,,,0.00466,0.72,-0.52
,,,0.00467,0.72,-0.56
,,,0.00468,0.64,-0.64
,,,0.00469,0.6,-0.64
,,,0.0047,0.6,-0.68
,,,0.00471,0.56,-0.72
,,,0.00472,0.52,-0.68
,,,0.00473,0.52,-0.68
,,,0.00474,0.48,-0.64
,,,0.00475,0.48,-0.56
,,,0.00476,0.44,-0.48
,,,0.00477,0.4,-0.4
,,,0.00478,0.4,-0.32
,,,0.00479,0.36,-0.2
,,,0.0048,0.36,-0.08
,,,0.00481,0.36,0.08
,,,0.00482,0.36,0.2
,,,0.00483,0.36,0.32
,,,0.00484,0.36,0.44
,,,0.00485,0.36,0.56
,,,0.00486,0.36,0.68
,,,0.00487,0.36,0.84
,,,0.00488,0.36,0.92
,,,0.00489,0.4,1.04
,,,0.0049,0.4,1.12
,,,0.00491,0.4,1.2
,,,0.00492,0.44,1.28
,,,0.00493,0.44,1.32
,,,0.00494,0.48,1.36
,,,0.00495,0.52,1.36
,,,0.00496,0.52,1.36
,,,0.00497,0.56,1.36
,,,0.00498,0.56,1.32
,,,0.00499,0.56,1.28
,,,0.005,0.56,1.2
,,,0.00501,0.56,1.12
,,,0.00502,0.6,1.04
,,,0.00503,0.6,0.92
,,,0.00504,0.64,0.76
,,,0.00505,0.64,0.68
,,,0.00506,0.6,0.52
,,,0.00507,0.6,0.36
,,,0.00508,0.6,0.28
,,,0.00509,0.56,0.08
,,,0.0051,0.6,-0.04
,,,0.00511,0.6,-0.16
,,,0.00512,0.52,-0.28
,,,0.00513,0.52,-0.4
,,,0.00514,0.48,-0.52
,,,0.00515,0.48,-0.6
,,,0.00516,0.44,-0.72
,,,0.00517,0.44,-0.8
,,,0.00518,0.4,-0.84
,,,0.00519,0.36,-0.88
,,,0.0052,0.36,-0.88
,,,0.00521,0.32,-0.92
,,,0.00522,0.32,-0.92
,,,0.00523,0.24,-0.88
,,,0.00524,0.24,-0.84
,,,0.00525,0.24,-0.76
,,,0.00526,0.2,-0.68
,,,0.00527,0.16,-0.6
,,,0.00528,0.16,-0.52
,,,0.00529,0.16,-0.4
,,,0.0053,0.12,-0.28
,,,0.00531,0.12,-0.16
,,,0.00532,0.12,-0.04
,,,0.00533,0.12,0.16
,,,0.00534,0.12,0.24
,,,0.00535,0.12,0.36
,,,0.00536,0.12,0.48
,,,0.00537,0.12,0.64
,,,0.00538,0.16,0.76
,,,0.00539,0.16,0.84
,,,0.0054,0.2,0.96
,,,0.00541,0.2,1.04
,,,0.00542,0.2,1.12
,,,0.00543,0.24,1.12
,,,0.00544,0.28,1.16
,,,0.00545,0.28,1.2
,,,0.00546,0.28,1.2
,,,0.00547,0.32,1.2
,,,0.00548,0.36,1.12
,,,0.00549,0.32,1.08
,,,0.0055,0.36,1.04
,,,0.00551,0.36,0.96
,,,0.00552,0.4,0.88
,,,0.00553,0.4,0.76
,,,0.00554,0.4,0.64
,,,0.00555,0.4,0.52
,,,0.00556,0.4,0.36
,,,0.00557,0.4,0.24
,,,0.00558,0.4,0.12
,,,0.00559,0.4,0
,,,0.0056,0.4,-0.16
,,,0.00561,0.36,-0.32
,,,0.00562,0.36,-0.44
,,,0.00563,0.36,-0.56
,,,0.00564,0.32,-0.68
,,,0.00565,0.32,-0.76
,,,0.00566,0.28,-0.84
,,,0.00567,0.24,-0.92
,,,0.00568,0.2,-0.96
,,,0.00569,0.16,-1
,,,0.0057,0.16,-1
,,,0.00571,0.12,-1.04
,,,0.00572,0.12,-1.04
,,,0.00573,0.08,-1
,,,0.00574,0.04,-0.92
,,,0.00575,0.04,-0.88
,,,0.00576,0,-0.8
,,,0.00577,0,-0.72
,,,0.00578,-0.04,-0.6
,,,0.00579,-0.04,-0.52
,,,0.0058,-0.04,-0.4
,,,0.00581,-0.08,-0.24
,,,0.00582,-0.04,-0.08
,,,0.00583,-0.04,0.04
,,,0.00584,-0.04,0.12
,,,0.00585,-0.04,0.28
,,,0.00586,-0.04,0.4
,,,0.00587,0,0.52
,,,0.00588,0,0.64
,,,0.00589,0,0.76
,,,0.0059,0.04,0.84
,,,0.00591,0.04,0.96
,,,0.00592,0.08,1.04
,,,0.00593,0.08,1.08
,,,0.00594,0.12,1.12
,,,0.00595,0.12,1.12
,,,0.00596,0.16,1.12
,,,0.00597,0.16,1.08
,,,0.00598,0.2,1.08
,,,0.00599,0.24,1.04
,,,0.006,0.2,0.96
,,,0.00601,0.2,0.88
,,,0.00602,0.24,0.8
,,,0.00603,0.28,0.68
,,,0.00604,0.28,0.56
,,,0.00605,0.28,0.48
,,,0.00606,0.28,0.32
,,,0.00607,0.28,0.16
,,,0.00608,0.28,0.08
,,,0.00609,0.28,-0.08
,,,0.0061,0.28,-0.24
,,,0.00611,0.24,-0.32
,,,0.00612,0.24,-0.48
,,,0.00613,0.24,-0.6
,,,0.00614,0.2,-0.68
,,,0.00615,0.2,-0.8
,,,0.00616,0.12,-0.88
,,,0.00617,0.12,-0.96
,,,0.00618,0.12,-1
,,,0.00619,0.08,-1.04
,,,0.0062,0.08,-1.04
,,,0.00621,0.04,-1.04
,,,0.00622,0,-1.04
,,,0.00623,0,-1
,,,0.00624,-0.04,-0.96
,,,0.00625,-0.08,-0.92
,,,0.00626,-0.08,-0.8
,,,0.00627,-0.12,-0.72
,,,0.00628,-0.12,-0.6
,,,0.00629,-0.12,-0.52
,,,0.0063,-0.12,-0.4
,,,0.00631,-0.12,-0.24
,,,0.00632,-0.12,-0.12
,,,0.00633,-0.16,0.04
,,,0.00634,-0.12,0.16
,,,0.00635,-0.12,0.28
,,,0.00636,-0.12,0.44
,,,0.00637,-0.08,0.56
,,,0.00638,-0.08,0.68
,,,0.00639,-0.08,0.76
,,,0.0064,-0.04,0.88
,,,0.00641,0,0.96
,,,0.00642,0,1.04
,,,0.00643,0.04,1.08
,,,0.00644,0.04,1.12
,,,0.00645,0.08,1.16
,,,0.00646,0.08,1.16
,,,0.00647,0.12,1.16
,,,0.00648,0.12,1.12
,,,0.00649,0.16,1.08
,,,0.0065,0.2,1
,,,0.00651,0.2,0.92
,,,0.00652,0.2,0.84
,,,0.00653,0.2,0.72
,,,0.00654,0.24,0.6
,,,0.00655,0.24,0.52
,,,0.00656,0.24,0.36
,,,0.00657,0.24,0.24
,,,0.00658,0.24,0.12
,,,0.00659,0.2,-0.04
,,,0.0066,0.24,-0.16
,,,0.00661,0.2,-0.28
,,,0.00662,0.2,-0.44
,,,0.00663,0.16,-0.52
,,,0.00664,0.16,-0.64
,,,0.00665,0.12,-0.72
,,,0.00666,0.12,-0.84
,,,0.00667,0.12,-0.88
,,,0.00668,0.12,-0.92
,,,0.00669,0.04,-0.96
,,,0.0067,0.04,-1
,,,0.00671,0,-0.96
,,,0.00672,0,-0.96
,,,0.00673,-0.04,-0.92
,,,0.00674,-0.04,-0.88
,,,0.00675,-0.08,-0.84
,,,0.00676,-0.08,-0.76
,,,0.00677,-0.12,-0.6
,,,0.00678,-0.12,-0.52
,,,0.00679,-0.12,-0.4
,,,0.0068,-0.12,-0.28
,,,0.00681,-0.16,-0.16
,,,0.00682,-0.12,-0.04
,,,0.00683,-0.12,0.12
,,,0.00684,-0.12,0.24
,,,0.00685,-0.12,0.36
,,,0.00686,-0.08,0.56
,,,0.00687,-0.08,0.64
,,,0.00688,-0.08,0.76
,,,0.00689,-0.04,0.88
,,,0.0069,0,1
,,,0.00691,0,1.08
,,,0.00692,0,1.12
,,,0.00693,0.08,1.2
,,,0.00694,0.08,1.24
,,,0.00695,0.12,1.28
,,,0.00696,0.12,1.28
,,,0.00697,0.16,1.24
,,,0.00698,0.2,1.24
,,,0.00699,0.2,1.2
,,,0.007,0.24,1.12
,,,0.00701,0.24,1.08
,,,0.00702,0.24,1
,,,0.00703,0.28,0.84
,,,0.00704,0.32,0.76
,,,0.00705,0.32,0.64
,,,0.00706,0.32,0.52
,,,0.00707,0.32,0.36
,,,0.00708,0.32,0.24
,,,0.00709,0.32,0.12
,,,0.0071,0.32,0
,,,0.00711,0.28,-0.12
,,,0.00712,0.28,-0.24
,,,0.00713,0.24,-0.4
,,,0.00714,0.24,-0.52
,,,0.00715,0.24,-0.56
,,,0.00716,0.2,-0.64
,,,0.00717,0.2,-0.72
,,,0.00718,0.16,-0.76
,,,0.00719,0.12,-0.8
,,,0.0072,0.12,-0.84
,,,0.00721,0.08,-0.8
,,,0.00722,0.08,-0.8
,,,0.00723,0.04,-0.76
,,,0.00724,0.04,-0.72
,,,0.00725,0,-0.64
,,,0.00726,0,-0.52
,,,0.00727,0,-0.48
,,,0.00728,0,-0.36
,,,0.00729,-0.04,-0.24
,,,0.0073,0,-0.12
,,,0.00731,-0.04,0.04
,,,0.00732,0,0.16
,,,0.00733,0,0.28
,,,0.00734,0,0.44
,,,0.00735,0.04,0.56
,,,0.00736,0,0.72
,,,0.00737,0.04,0.84
,,,0.00738,0.04,1
,,,0.00739,0.08,1.08
,,,0.0074,0.12,1.2
,,,0.00741,0.12,1.28
,,,0.00742,0.16,1.32
,,,0.00743,0.2,1.4
,,,0.00744,0.2,1.44
,,,0.00745,0.2,1.48
,,,0.00746,0.24,1.48
,,,0.00747,0.28,1.48
,,,0.00748,0.32,1.44
,,,0.00749,0.36,1.4
,,,0.0075,0.36,1.36
,,,0.00751,0.36,1.28
,,,0.00752,0.4,1.2
,,,0.00753,0.4,1.08
,,,0.00754,0.4,1
,,,0.00755,0.44,0.84
,,,0.00756,0.44,0.72
,,,0.00757,0.44,0.6
,,,0.00758,0.44,0.48
,,,0.00759,0.44,0.32
,,,0.0076,0.44,0.2
,,,0.00761,0.44,0.08
,,,0.00762,0.44,0
,,,0.00763,0.44,-0.16
,,,0.00764,0.4,-0.24
,,,0.00765,0.4,-0.32
,,,0.00766,0.36,-0.4
,,,0.00767,0.36,-0.48
,,,0.00768,0.32,-0.52
,,,0.00769,0.32,-0.56
,,,0.0077,0.32,-0.56
,,,0.00771,0.24,-0.56
,,,0.00772,0.24,-0.52
,,,0.00773,0.24,-0.52
,,,0.00774,0.2,-0.48
,,,0.00775,0.2,-0.4
,,,0.00776,0.16,-0.32
,,,0.00777,0.16,-0.2
,,,0.00778,0.16,-0.08
,,,0.00779,0.16,0
,,,0.0078,0.16,0.16
,,,0.00781,0.16,0.28
,,,0.00782,0.16,0.4
,,,0.00783,0.2,0.56
,,,0.00784,0.16,0.68
,,,0.00785,0.2,0.8
,,,0.00786,0.2,1
,,,0.00787,0.24,1.08
,,,0.00788,0.24,1.24
,,,0.00789,0.24,1.36
,,,0.0079,0.32,1.48
,,,0.00791,0.32,1.52
,,,0.00792,0.36,1.6
,,,0.00793,0.4,1.68
,,,0.00794,0.44,1.72
,,,0.00795,0.44,1.76
,,,0.00796,0.48,1.72
,,,0.00797,0.48,1.76
,,,0.00798,0.52,1.76
,,,0.00799,0.56,1.68
,,,0.008,0.56,1.6
,,,0.00801,0.6,1.56
,,,0.00802,0.6,1.48
,,,0.00803,0.6,1.36
,,,0.00804,0.64,1.24
,,,0.00805,0.68,1.12
,,,0.00806,0.68,1.04
,,,0.00807,0.68,0.88
,,,0.00808,0.68,0.76
,,,0.00809,0.68,0.64
,,,0.0081,0.68,0.52
,,,0.00811,0.68,0.36
,,,0.00812,0.68,0.28
,,,0.00813,0.64,0.16
,,,0.00814,0.68,0.04
,,,0.00815,0.6,-0.04
,,,0.00816,0.6,-0.12
,,,0.00817,0.6,-0.2
,,,0.00818,0.56,-0.24
,,,0.00819,0.56,-0.28
,,,0.0082,0.52,-0.28
,,,0.00821,0.52,-0.28
,,,0.00822,0.48,-0.28
,,,0.00823,0.48,-0.24
,,,0.00824,0.44,-0.16
,,,0.00825,0.44,-0.12
,,,0.00826,0.44,-0.04
,,,0.00827,0.4,0.08
,,,0.00828,0.4,0.2
,,,0.00829,0.4,0.32
,,,0.0083,0.4,0.44
,,,0.00831,0.4,0.6
,,,0.00832,0.4,0.68
,,,0.00833,0.44,0.88
,,,0.00834,0.44,1
,,,0.00835,0.44,1.12
,,,0.00836,0.48,1.28
,,,0.00837,0.48,1.4
,,,0.00838,0.48,1.52
,,,0.00839,0.52,1.64
,,,0.0084,0.56,1.72
,,,0.00841,0.56,1.84
,,,0.00842,0.6,1.88
,,,0.00843,0.64,2
,,,0.00844,0.68,2.04
,,,0.00845,0.72,2.08
,,,0.00846,0.72,2.08
,,,0.00847,0.76,2.04
,,,0.00848,0.8,2.04
,,,0.00849,0.8,1.96
,,,0.0085,0.84,1.92
,,,0.00851,0.84,1.88
,,,0.00852,0.88,1.8
,,,0.00853,0.92,1.68
,,,0.00854,0.92,1.56
,,,0.00855,0.92,1.48
,,,0.00856,0.96,1.32
,,,0.00857,0.92,1.2
,,,0.00858,0.96,1.08
,,,0.00859,0.96,0.96
,,,0.0086,0.92,0.8
,,,0.00861,0.92,0.68
,,,0.00862,0.92,0.56
,,,0.00863,0.92,0.48
,,,0.00864,0.92,0.36
,,,0.00865,0.88,0.28
,,,0.00866,0.88,0.2
,,,0.00867,0.88,0.12
,,,0.00868,0.84,0.08
,,,0.00869,0.8,0.04
,,,0.0087,0.84,0
,,,0.00871,0.8,0.04
,,,0.00872,0.8,0.04
,,,0.00873,0.76,0.08
,,,0.00874,0.76,0.16
,,,0.00875,0.72,0.2
,,,0.00876,0.72,0.28
,,,0.00877,0.72,0.4
,,,0.00878,0.72,0.48
,,,0.00879,0.72,0.64
,,,0.0088,0.68,0.76
,,,0.00881,0.72,0.88
,,,0.00882,0.68,1.04
,,,0.00883,0.72,1.2
,,,0.00884,0.72,1.32
,,,0.00885,0.76,1.48
,,,0.00886,0.76,1.6
,,,0.00887,0.76,1.72
,,,0.00888,0.76,1.84
,,,0.00889,0.8,1.96
,,,0.0089,0.84,2.04
,,,0.00891,0.88,2.16
,,,0.00892,0.92,2.24
,,,0.00893,0.92,2.28
,,,0.00894,0.96,2.32
,,,0.00895,1,2.36
,,,0.00896,1.04,2.36
,,,0.00897,1.08,2.36
,,,0.00898,1.08,2.32
,,,0.00899,1.12,2.28
,,,0.009,1.16,2.24
,,,0.00901,1.16,2.16
,,,0.00902,1.16,2.12
,,,0.00903,1.2,2
,,,0.00904,1.2,1.88
,,,0.00905,1.2,1.76
,,,0.00906,1.24,1.64
,,,0.00907,1.24,1.52
,,,0.00908,1.24,1.4
,,,0.00909,1.24,1.24
,,,0.0091,1.2,1.12
,,,0.00911,1.2,1
,,,0.00912,1.2,0.88
,,,0.00913,1.24,0.76
,,,0.00914,1.2,0.68
,,,0.00915,1.2,0.6
,,,0.00916,1.16,0.48
,,,0.00917,1.16,0.44
,,,0.00918,1.16,0.4
,,,0.00919,1.12,0.36
,,,0.0092,1.12,0.32
,,,0.00921,1.12,0.32
,,,0.00922,1.08,0.36
,,,0.00923,1.08,0.4
,,,0.00924,1.04,0.48
,,,0.00925,1.04,0.48
,,,0.00926,1.04,0.64
,,,0.00927,1.04,0.72
,,,0.00928,1,0.8
,,,0.00929,1,0.96
,,,0.0093,1,1.08
,,,0.00931,1.04,1.2
,,,0.00932,1,1.36
,,,0.00933,1.04,1.52
,,,0.00934,1.04,1.6
,,,0.00935,1.04,1.76
,,,0.00936,1.04,1.88
,,,0.00937,1.12,2.04
,,,0.00938,1.12,2.16
,,,0.00939,1.12,2.28
,,,0.0094,1.12,2.36
,,,0.00941,1.2,2.44
,,,0.00942,1.2,2.52
,,,0.00943,1.24,2.6
,,,0.00944,1.28,2.64
,,,0.00945,1.28,2.68
,,,0.00946,1.32,2.68
,,,0.00947,1.36,2.68
,,,0.00948,1.4,2.64
,,,0.00949,1.4,2.6
,,,0.0095,1.44,2.52
,,,0.00951,1.48,2.48
,,,0.00952,1.48,2.36
,,,0.00953,1.52,2.28
,,,0.00954,1.52,2.16
,,,0.00955,1.52,2.08
,,,0.00956,1.56,1.92
,,,0.00957,1.56,1.8
,,,0.00958,1.56,1.68
,,,0.00959,1.56,1.52
,,,0.0096,1.56,1.4
,,,0.00961,1.56,1.28
,,,0.00962,1.52,1.16
,,,0.00963,1.52,1.08
,,,0.00964,1.52,0.92
,,,0.00965,1.48,0.84
,,,0.00966,1.48,0.8
,,,0.00967,1.44,0.72
,,,0.00968,1.44,0.68
,,,0.00969,1.44,0.64
,,,0.0097,1.4,0.6
,,,0.00971,1.4,0.64
,,,0.00972,1.36,0.64
,,,0.00973,1.36,0.68
,,,0.00974,1.36,0.72
,,,0.00975,1.32,0.8
,,,0.00976,1.28,0.88
,,,0.00977,1.28,0.96
,,,0.00978,1.28,1.08
,,,0.00979,1.28,1.2
,,,0.0098,1.28,1.32
,,,0.00981,1.28,1.48
,,,0.00982,1.28,1.6
,,,0.00983,1.28,1.76
,,,0.00984,1.32,1.88
,,,0.00985,1.32,2
,,,0.00986,1.36,2.16
,,,0.00987,1.36,2.28
,,,0.00988,1.4,2.4
,,,0.00989,1.4,2.52
,,,0.0099,1.44,2.64
,,,0.00991,1.44,2.72
,,,0.00992,1.48,2.76
,,,0.00993,1.52,2.84
,,,0.00994,1.56,2.84
,,,0.00995,1.56,2.88
,,,0.00996,1.6,2.92
,,,0.00997,1.6,2.88
,,,0.00998,1.68,2.84
,,,0.00999,1.68,2.8
,,,0.01,1.72,2.76
,,,0.01001,1.72,2.72
,,,0.01002,1.76,2.64
,,,0.01003,1.76,2.52
,,,0.01004,1.8,2.36
,,,0.01005,1.8,2.28
,,,0.01006,1.8,2.16
,,,0.01007,1.8,2.04
,,,0.01008,1.8,1.88
,,,0.01009,1.8,1.76
,,,0.0101,1.8,1.6
,,,0.01011,1.8,1.48
,,,0.01012,1.8,1.36
,,,0.01013,1.76,1.28
,,,0.01014,1.76,1.16
,,,0.01015,1.76,1.08
,,,0.01016,1.72,1.04
,,,0.01017,1.72,0.92
,,,0.01018,1.68,0.84
,,,0.01019,1.68,0.84
,,,0.0102,1.68,0.84
,,,0.01021,1.6,0.84
,,,0.01022,1.6,0.84
,,,0.01023,1.6,0.88
,,,0.01024,1.56,0.96
,,,0.01025,1.56,1
,,,0.01026,1.56,1.08
,,,0.01027,1.56,1.16
,,,0.01028,1.52,1.24
,,,0.01029,1.52,1.4
,,,0.0103,1.52,1.52
,,,0.01031,1.52,1.64
,,,0.01032,1.56,1.8
,,,0.01033,1.56,1.92
,,,0.01034,1.56,2.08
,,,0.01035,1.56,2.2
,,,0.01036,1.56,2.32
,,,0.01037,1.6,2.44
,,,0.01038,1.6,2.56
,,,0.01039,1.64,2.68
,,,0.0104,1.64,2.76
,,,0.01041,1.68,2.84
,,,0.01042,1.72,2.96
,,,0.01043,1.72,3
,,,0.01044,1.76,3.04
,,,0.01045,1.8,3.08
,,,0.01046,1.84,3.08
,,,0.01047,1.84,3.08
,,,0.01048,1.88,3
,,,0.01049,1.92,3
,,,0.0105,1.92,2.92
,,,0.01051,1.96,2.84
,,,0.01052,1.96,2.76
,,,0.01053,1.96,2.68
,,,0.01054,1.96,2.56
,,,0.01055,2,2.44
,,,0.01056,2,2.28
,,,0.01057,2,2.2
,,,0.01058,2,2.04
,,,0.01059,2,1.88
,,,0.0106,2,1.76
,,,0.01061,2,1.64
,,,0.01062,2,1.56
,,,0.01063,2,1.4
,,,0.01064,1.96,1.28
,,,0.01065,1.96,1.2
,,,0.01066,1.92,1.12
,,,0.01067,1.92,1.04
,,,0.01068,1.88,1
,,,0.01069,1.88,0.96
,,,0.0107,1.84,0.96
,,,0.01071,1.84,0.96
,,,0.01072,1.8,0.96
,,,0.01073,1.8,1
,,,0.01074,1.76,1.04
,,,0.01075,1.76,1.12
,,,0.01076,1.72,1.2
,,,0.01077,1.72,1.28
,,,0.01078,1.72,1.4
,,,0.01079,1.72,1.48
,,,0.0108,1.72,1.64
,,,0.01081,1.72,1.76
,,,0.01082,1.72,1.88
,,,0.01083,1.72,2.04
,,,0.01084,1.72,2.16
,,,0.01085,1.72,2.28
,,,0.01086,1.76,2.44
,,,0.01087,1.76,2.56
,,,0.01088,1.76,2.68
,,,0.01089,1.8,2.76
,,,0.0109,1.84,2.88
,,,0.01091,1.84,2.96
,,,0.01092,1.88,3
,,,0.01093,1.88,3.08
,,,0.01094,1.92,3.16
,,,0.01095,1.96,3.16
,,,0.01096,1.96,3.16
,,,0.01097,2,3.16
,,,0.01098,2.04,3.12
,,,0.01099,2.04,3.08
,,,0.011,2.08,3
,,,0.01101,2.08,2.92
,,,0.01102,2.08,2.8
,,,0.01103,2.12,2.72
,,,0.01104,2.12,2.6
,,,0.01105,2.12,2.48
,,,0.01106,2.12,2.32
,,,0.01107,2.12,2.2
,,,0.01108,2.12,2.08
,,,0.01109,2.12,1.92
,,,0.0111,2.12,1.8
,,,0.01111,2.12,1.68
,,,0.01112,2.08,1.56
,,,0.01113,2.08,1.44
,,,0.01114,2.08,1.32
,,,0.01115,2.04,1.28
,,,0.01116,2.04,1.16
,,,0.01117,2,1.08
,,,0.01118,2,1.04
,,,0.01119,1.96,1
,,,0.0112,1.92,1
,,,0.01121,1.92,1
,,,0.01122,1.92,1
,,,0.01123,1.88,1
,,,0.01124,1.88,1.08
,,,0.01125,1.84,1.12
,,,0.01126,1.84,1.2
,,,0.01127,1.8,1.28
,,,0.01128,1.8,1.4
,,,0.01129,1.76,1.52
